{
  "0.0": {
    "precision": 0.725,
    "recall": 1.0,
    "f1-score": 0.8405797101449275,
    "support": 58
  },
  "1.0": {
    "precision": 0.0,
    "recall": 0.0,
    "f1-score": 0.0,
    "support": 22
  },
  "accuracy": 0.725,
  "macro avg": {
    "precision": 0.3625,
    "recall": 0.5,
    "f1-score": 0.42028985507246375,
    "support": 80
  },
  "weighted avg": {
    "precision": 0.525625,
    "recall": 0.725,
    "f1-score": 0.6094202898550725,
    "support": 80
  }
}